"SampleID","I7IndexID","I7Sequence","I5IndexID","I5Sequence"
"Cs-WW-419124R-20150109-well-D902","B01","GAATCTGA",,
"Cs-WW-419124R-20150109-well-D902","C01","AACGTGAT",,
"Cs-WW-419124R-20150109-well-D903","D01","CACTTCGA",,
"Cs-WW-419124R-20150109-well-D904","E01","GCCAAGAC",,
"Cs-WW-419124R-20150109-well-D905","F01","GACTAGTA",,
"Cs-WW-419124R-20150109-well-D906","G01","ATTGGCTC",,
"Cs-WW-419124R-20150109-well-D907","H01","GATGAATC",,
"Cs-WW-419124R-20150109-well-D908","A02","AGCAGGAA",,
"Cs-WW-419124R-20150109-well-D909","B02","GAGCTGAA",,
"Cs-WW-419124R-20150109-well-D910","C02","AAACATCG",,
"Cs-WW-419124R-20150109-well-D911","D02","GAGTTAGC",,
"Cs-WW-419124R-20150109-well-D912","E02","CGAACTTA",,
"Cs-WW-419124R-20150109-well-D913","F02","GATAGACA",,
"Cs-WW-419124R-20150109-well-D914","G02","AAGGACAC",,
"Cs-WW-419124R-20150109-well-D915","H02","GACAGTGC",,
"Cs-WW-419124R-20150109-well-D916","A03","ATCATTCC",,
"Cs-WW-419124R-20150109-well-D917","B03","GCCACATA",,
"Cs-WW-419124R-20150109-well-D918","C03","ACCACTGT",,
"Cs-WW-419124R-20150109-well-D919","D03","CTGGCATA",,
"Cs-WW-419124R-20150109-well-D920","E03","ACCTCCAA",,
"Cs-WW-419124R-20150109-well-D921","F03","GCGAGTAA",,
"Cs-WW-419124R-20150109-well-D922","G03","ACTATGCA",,
"Cs-WW-419124R-20150109-well-D923","H03","CGGATTGC",,
"Cs-WW-419124R-20150109-well-D924","A04","AACTCACC",,
"Cs-WW-419124R-20150109-well-D925","B04","GCTAACGA",,
"Cs-WW-419124R-20150109-well-D926","C04","CAGATCTG",,
"Cs-WW-419124R-20150109-well-D927","D04","ATCCTGTA",,
"Cs-WW-419124R-20150109-well-D928","E04","CTGTAGCC",,
"Cs-WW-419124R-20150109-well-D929","F04","GCTCGGTA",,
"Cs-WW-419124R-20150109-well-D930","G04","ACACGACC",,
"Cs-WW-419124R-20150109-well-D931","H04","AGTCACTA",,
"Cs-WW-419124R-20150109-well-D932","A05","AACGCTTA",,
"Cs-WW-419124R-20150109-well-D933","B05","GGAGAACA",,
"Cs-WW-419124R-20150109-well-D934","C05","CATCAAGT",,
"Cs-WW-419124R-20150109-well-D935","D05","AAGGTACA",,
"Cs-WW-419124R-20150109-well-D936","E05","CGCTGATC",,
"Cs-WW-419124R-20150109-well-D937","F05","GGTGCGAA",,
"Cs-WW-419124R-20150109-well-D938","G05","CCTAATCC",,
"Cs-WW-419124R-20150109-well-D939","H05","CTGAGCCA",,
"Cs-WW-419124R-20150109-well-D940","A06","AGCCATGC",,
"Cs-WW-419124R-20150109-well-D941","B06","GTACGCAA",,
"Cs-WW-419124R-20150109-well-D942","C06","AGTACAAG",,
"Cs-WW-419124R-20150109-well-D943","D06","ACATTGGC",,
"Cs-WW-419124R-20150109-well-D944","E06","ATTGAGGA",,
"Cs-WW-419124R-20150109-well-D945","F06","GTCGTAGA",,
"Cs-WW-419124R-20150109-well-D946","G06","AGAGTCAA",,
"Cs-WW-419124R-20150109-well-D947","H06","CCGACAAC",,
"Cs-WW-419124R-20150109-well-D948","A07","ACGTATCA",,
"Cs-WW-419124R-20150109-well-D949","B07","GTCTGTCA",,
"Cs-WW-419124R-20150109-well-D950","C07","CTAAGGTC",,
"Cs-WW-419124R-20150109-well-D951","D07","CGACACAC",,
"Cs-WW-419124R-20150109-well-D952","E07","CCGTGAGA",,
"Cs-WW-419124R-20150109-well-D953","F07","GTGTTCTA",,
"Cs-WW-419124R-20150109-well-D954","G07","CAATGGAA",,
"Cs-WW-419124R-20150109-well-D955","H07","AGCACCTC",,
"Cs-WW-419124R-20150109-well-D956","A08","CAGCGTTA",,
"Cs-WW-419124R-20150109-well-D957","B08","TAGGATGA",,
"Cs-WW-419124R-20150109-well-D958","C08","AGTGGTCA",,
"Cs-WW-419124R-20150109-well-D959","D08","ACAGCAGA",,
"Cs-WW-419124R-20150109-well-D960","E08","CATACCAA",,
"Cs-WW-419124R-20150109-well-D961","F08","TATCAGCA",,
"Cs-WW-419124R-20150109-well-D962","G08","ATAGCGAC",,
"Cs-WW-419124R-20150109-well-D963","H08","ACGCTCGA",,
"Cs-WW-419124R-20150109-well-D964","A09","CTCAATGA",,
"Cs-WW-419124R-20150109-well-D965","B09","TCCGTCTA",,
"Cs-WW-419124R-20150109-well-D966","C09","AGGCTAAC",,
"Cs-WW-419124R-20150109-well-D967","D09","CCATCCTC",,
"Cs-WW-419124R-20150109-well-D968","E09","AGATGTAC",,
"Cs-WW-419124R-20150109-well-D969","F09","TCTTCACA",,
"Cs-WW-419124R-20150109-well-D970","G09","CCGAAGTA",,
"Cs-WW-419124R-20150109-well-D971","H09","CGCATACA",,
"Cs-WW-419124R-20150109-well-D972","A10","AATGTTGC",,
"Cs-WW-419124R-20150109-well-D973","B10","TGAAGAGA",,
"Cs-WW-419124R-20150109-well-D974","C10","AGATCGCA",,
"Cs-WW-419124R-20150109-well-D975","D10","AAGAGATC",,
"Cs-WW-419124R-20150109-well-D976","E10","CAACCACA",,
"Cs-WW-419124R-20150109-well-D977","F10","TGGAACAA",,
"Cs-WW-419124R-20150109-well-D978","G10","CCTCTATC",,
"Cs-WW-419124R-20150109-well-D979","H10","ACAGATTC",,
"Cs-WW-419124R-20150109-well-D980","A11","CCAGTTCA",,
"Cs-WW-419124R-20150109-well-D981","B11","TGGCTTCA",,
"Cs-WW-419124R-20150109-well-D982","C11","CGACTGGA",,
"Cs-WW-419124R-20150109-well-D983","D11","CAAGACTA",,
"Cs-WW-419124R-20150109-well-D984","E11","CCTCCTGA",,
"Cs-WW-419124R-20150109-well-D985","F11","TGGTGGTA",,
"Cs-WW-419124R-20150109-well-D986","G11","AACAACCA",,
"Cs-WW-419124R-20150109-well-D987","H11","AATCCGTC",,
"Cs-WW-419124R-20150109-well-D988","A12","CAAGGAGC",,
"Cs-WW-419124R-20150109-well-D989","B12","TTCACGCA",,
"Cs-WW-419124R-20150109-well-D990","C12","CACCTTAC",,
"Cs-WW-419124R-20150109-well-D991","D12","AAGACGGA",,
"Cs-WW-419124R-20150109-well-D992","E12","ACACAGAA",,
"Cs-WW-419124R-20150109-well-D993","F12","GAACAGGC",,
"Cs-WW-419124R-20150109-well-D994","G12","AACCGAGA",,
"Cs-WW-419124R-20150109-well-D995","H12","ACAAGCTA",,
